updated at,address line1,address line2,address city,country,customer,created at,id
2018-10-09 15:53:43 UTC,51030 Nicolas Valley,Suite 831,Lake Lione,Yemen,Janessa Langosh,2018-03-19 16:00:02 UTC,17146
2018-03-19 16:00:08 UTC,0023 Nolan Green,Suite 860,South Rubenside,Spain,Simone Purdy,2018-03-19 16:00:08 UTC,17147
2018-03-19 16:00:10 UTC,1208 Marisa Fords,Apt. 427,New Israel,Switzerland,Dortha Brakus,2018-03-19 16:00:10 UTC,17148
2018-03-19 16:00:16 UTC,6497 Keira Estate,Suite 787,North Jaydenberg,Bhutan,Regan Champlin,2018-03-19 16:00:16 UTC,17149
2018-03-19 16:00:17 UTC,716 Kessler Junctions,Suite 205,Armstrongborough,Oman,Alan Schmitt,2018-03-19 16:00:17 UTC,17150
2018-03-19 16:00:22 UTC,3590 Franco Place,Suite 798,South Dimitri,Oman,Deon Paucek,2018-03-19 16:00:22 UTC,17151
2018-03-19 16:00:24 UTC,4365 Mueller Course,Suite 689,Abbottside,Australia,Lurline Hermann,2018-03-19 16:00:24 UTC,17152
2018-03-19 16:00:28 UTC,25961 Crooks Groves,Apt. 902,Bahringermouth,Samoa,Anabel Graham,2018-03-19 16:00:28 UTC,17153
2018-03-19 16:00:30 UTC,1467 Durward Valley,Suite 948,Johnsonton,Ecuador,Deborah Swaniawski,2018-03-19 16:00:30 UTC,17154
2018-03-19 16:00:33 UTC,20613 Koepp Ranch,Suite 082,Port Roosevelt,Algeria,Elisa Fay,2018-03-19 16:00:33 UTC,17155
2018-03-19 16:00:38 UTC,31223 Mosciski Summit,Suite 612,Christopherport,Antigua and Barbuda,Bud Swift,2018-03-19 16:00:38 UTC,17156
2018-03-19 16:00:41 UTC,412 Balistreri Plains,Suite 610,Kennedyshire,Guadeloupe,Leonora Runolfsdottir,2018-03-19 16:00:41 UTC,17157
2018-03-19 16:00:44 UTC,2214 Trevion Tunnel,Suite 320,Lake Geovanytown,Australia,Krista Runte,2018-03-19 16:00:44 UTC,17158
2018-03-19 16:00:51 UTC,225 Reynolds Views,Apt. 828,North Greysonport,Northern Mariana Islands,Lorine Kemmer,2018-03-19 16:00:51 UTC,17159
2018-03-19 16:00:57 UTC,274 Noemy Squares,Apt. 823,VonRuedenberg,Heard Island and McDonald Islands,Dorris Hammes,2018-03-19 16:00:57 UTC,17160
2018-03-19 16:01:03 UTC,751 Koss Forest,Apt. 253,Millsborough,Sweden,Tomasa Hermann,2018-03-19 16:01:03 UTC,17161
2018-03-19 16:01:06 UTC,87813 Wisoky Harbor,Suite 972,New Mackenzietown,Niger,Carleton Gulgowski,2018-03-19 16:01:06 UTC,17162
2018-03-19 16:01:09 UTC,96827 Stamm Walks,Apt. 683,West Elwinhaven,Ethiopia,Donald Kozey,2018-03-19 16:01:09 UTC,17163
2018-03-19 16:01:15 UTC,81289 Lesch Rest,Apt. 746,Beattychester,Jersey,Nyasia Prohaska,2018-03-19 16:01:15 UTC,17164
2018-03-19 16:01:19 UTC,911 Steuber Plains,Suite 310,North Caterinamouth,Bahrain,Alvis Kovacek,2018-03-19 16:01:19 UTC,17165
2018-03-19 16:01:24 UTC,2423 Einar Bridge,Apt. 597,Curtport,Montserrat,Justus Wolff,2018-03-19 16:01:24 UTC,17166
2018-03-19 16:01:31 UTC,5390 Rohan Tunnel,Apt. 028,Port Ubaldoville,Saint Lucia,Jamal Swift,2018-03-19 16:01:31 UTC,17167
2018-03-19 16:01:35 UTC,695 Rau Passage,Apt. 680,New Jayceeport,Paraguay,Cedrick Schmeler,2018-03-19 16:01:35 UTC,17168
2018-03-19 16:01:42 UTC,462 Osborne Lock,Apt. 889,West Eulalia,Malta,Magdalen Champlin,2018-03-19 16:01:42 UTC,17169
2018-03-19 16:01:47 UTC,06988 Oberbrunner Way,Apt. 191,Lake Constantin,Mauritius,Rosalyn Von,2018-03-19 16:01:47 UTC,17170
2018-03-19 16:01:54 UTC,9238 Tromp Village,Apt. 781,South Rebecaville,Venezuela,Hollis Terry,2018-03-19 16:01:54 UTC,17171
2018-03-19 16:02:01 UTC,11524 Beier Crossroad,Apt. 819,New Grovertown,Sri Lanka,Ottis Spinka,2018-03-19 16:02:01 UTC,17172
2018-03-19 16:02:02 UTC,24593 Bayer Oval,Suite 251,East Foresttown,Jordan,Timmy Schamberger,2018-03-19 16:02:02 UTC,17173
2018-03-19 16:02:08 UTC,7270 Blanche Common,Suite 950,Port Vernice,Thailand,Ansley Bogisich,2018-03-19 16:02:08 UTC,17174
2018-03-19 16:02:11 UTC,341 Ophelia Canyon,Apt. 846,Gerardoborough,Togo,Kasandra Koelpin,2018-03-19 16:02:11 UTC,17175
2018-03-19 16:02:13 UTC,649 Gerhold Meadows,Apt. 171,North Stephanie,Lithuania,Vince Yost,2018-03-19 16:02:13 UTC,17176
2018-03-19 16:02:21 UTC,01481 Abbott Key,Apt. 991,Lake Sabina,Anguilla,Juanita Kuhn,2018-03-19 16:02:21 UTC,17177
2018-03-19 16:02:25 UTC,2375 Allen Flats,Apt. 021,East Alyceport,Greece,Carlie Schmeler,2018-03-19 16:02:25 UTC,17178
2018-03-19 16:02:29 UTC,9171 Wiza Prairie,Apt. 583,Bernierview,Cook Islands,Marjory Koch,2018-03-19 16:02:29 UTC,17179
2018-03-19 16:02:35 UTC,2250 Dorian Common,Suite 724,Aishahaven,Burundi,Monty Heller,2018-03-19 16:02:35 UTC,17180
2018-03-19 16:02:38 UTC,6800 Delilah Hill,Apt. 323,Bogisichchester,United States of America,Earnestine Bergnaum,2018-03-19 16:02:38 UTC,17181
2018-03-19 16:02:45 UTC,247 King Passage,Apt. 732,Lorenachester,Philippines,Alene Bechtelar,2018-03-19 16:02:45 UTC,17182
2018-03-19 16:02:50 UTC,76556 Blanda Forges,Apt. 745,West Darlene,Djibouti,Verlie Reichel,2018-03-19 16:02:50 UTC,17183
2018-03-19 16:02:56 UTC,2757 Cristina Canyon,Apt. 397,Jovanberg,Niger,Jolie Mills,2018-03-19 16:02:56 UTC,17184
2018-03-19 16:03:01 UTC,392 Elena Ports,Suite 093,New Talonstad,French Southern Territories,Loraine Jerde,2018-03-19 16:03:01 UTC,17185
2018-03-19 16:03:07 UTC,131 Sebastian Crossing,Suite 109,Jastborough,Saint Kitts and Nevis,Caitlyn Shields,2018-03-19 16:03:07 UTC,17186
2018-03-19 16:03:10 UTC,848 Geraldine Ville,Apt. 394,New Garrick,Vanuatu,Brenna Kris,2018-03-19 16:03:10 UTC,17187
2018-03-19 16:03:12 UTC,937 Woodrow Skyway,Apt. 511,DuBuquebury,French Polynesia,Jakayla Crist,2018-03-19 16:03:12 UTC,17188
2018-03-19 16:03:19 UTC,147 Roob Mission,Suite 670,Port Shyannmouth,Equatorial Guinea,Yadira Smitham,2018-03-19 16:03:19 UTC,17189
2018-03-19 16:03:21 UTC,7381 Carmel Squares,Apt. 517,South Arictown,Latvia,Edgardo Sauer,2018-03-19 16:03:21 UTC,17190
2018-03-19 16:03:26 UTC,725 Nikolaus Walks,Apt. 015,Larrychester,Comoros,Heaven Cremin,2018-03-19 16:03:26 UTC,17191
2018-03-19 16:03:34 UTC,182 Erick Trail,Suite 785,Port Ernestinemouth,Luxembourg,Alanna Watsica,2018-03-19 16:03:34 UTC,17192
2018-03-19 16:03:39 UTC,8437 Lucious Plaza,Apt. 719,Lake Greysonfort,Nigeria,Esperanza Wiza,2018-03-19 16:03:39 UTC,17193
2018-03-19 16:03:42 UTC,0086 Jaida Drives,Apt. 916,Port Maudeville,Hong Kong,Darian Wilderman,2018-03-19 16:03:42 UTC,17194
2018-03-19 16:03:47 UTC,4515 Aric Valleys,Apt. 376,New Makenziebury,Cameroon,Michale Yundt,2018-03-19 16:03:47 UTC,17195
2018-03-19 16:03:48 UTC,1390 Naomie Plain,Apt. 987,New Juanita,Montserrat,Tyreek Kunze,2018-03-19 16:03:48 UTC,17196
2018-03-19 16:03:53 UTC,74696 Brennan Trafficway,Suite 958,North Janiya,Australia,Dangelo Stoltenberg,2018-03-19 16:03:53 UTC,17197
2018-03-19 16:03:54 UTC,003 Hirthe Fork,Suite 268,Rudolphchester,Cameroon,Houston Brekke,2018-03-19 16:03:54 UTC,17198
2018-03-19 16:04:02 UTC,11955 Jakubowski Keys,Suite 809,West Fabiola,Samoa,Billie Huels,2018-03-19 16:04:02 UTC,17199
2018-03-19 16:04:07 UTC,975 Dietrich Crest,Suite 925,South Columbusberg,Pitcairn Islands,Ashtyn Ruecker,2018-03-19 16:04:07 UTC,17200
2018-03-19 16:04:08 UTC,956 Klein Pass,Apt. 876,Louveniamouth,Brazil,June Mann,2018-03-19 16:04:08 UTC,17201
2018-03-19 16:04:11 UTC,721 Wilderman Heights,Suite 513,New Nicholas,Ghana,Maymie Spinka,2018-03-19 16:04:11 UTC,17202
2018-03-19 16:04:16 UTC,35461 Ocie Burgs,Apt. 427,Paulbury,Ecuador,Finn Lind,2018-03-19 16:04:16 UTC,17203
2018-03-19 16:04:20 UTC,0628 Alfonso Corners,Apt. 655,West Jermey,Grenada,London Connelly,2018-03-19 16:04:20 UTC,17204
2018-03-19 16:04:27 UTC,2765 Jaylon Center,Suite 711,Port Ricky,Lebanon,Brice Kuhn,2018-03-19 16:04:27 UTC,17205
2018-03-19 16:04:35 UTC,551 Morar Expressway,Suite 969,East Wilma,Algeria,Lurline Powlowski,2018-03-19 16:04:35 UTC,17206
2018-03-19 16:04:39 UTC,20699 Roxanne Bypass,Suite 476,Alizeborough,Aruba,Humberto Bartoletti,2018-03-19 16:04:39 UTC,17207
2018-03-19 16:04:46 UTC,3684 Predovic Walks,Apt. 466,Port Saul,Sao Tome and Principe,Sarah Gerlach,2018-03-19 16:04:46 UTC,17208
2018-03-19 16:04:53 UTC,38666 Dangelo Unions,Suite 664,Robbieview,Vanuatu,Elmira Jakubowski,2018-03-19 16:04:53 UTC,17209
2018-03-19 16:05:00 UTC,2233 Granville Meadows,Apt. 061,Mannberg,Lebanon,Melba Little,2018-03-19 16:05:00 UTC,17210
2018-03-19 16:05:04 UTC,5184 Keely Trafficway,Apt. 162,Cronastad,Portugal,Micah Mosciski,2018-03-19 16:05:04 UTC,17211
2018-03-19 16:05:07 UTC,2570 Toy Lights,Suite 924,New Keaton,Saint Vincent and the Grenadines,Katrina Mosciski,2018-03-19 16:05:07 UTC,17212
2018-03-19 16:05:13 UTC,8955 Parker Fort,Apt. 228,Lorinehaven,Latvia,Macie Windler,2018-03-19 16:05:13 UTC,17213
2018-03-19 16:05:20 UTC,3320 Kulas Hollow,Suite 324,Gwenville,Pakistan,Randi Eichmann,2018-03-19 16:05:20 UTC,17214
2018-03-19 16:05:24 UTC,9721 Otho Crescent,Apt. 823,New Candace,Guinea,Earline Ledner,2018-03-19 16:05:24 UTC,17215
2018-03-19 16:05:30 UTC,18596 Sydney Island,Apt. 358,Goodwinmouth,Macedonia,Alice Hammes,2018-03-19 16:05:30 UTC,17216
2018-03-19 16:05:34 UTC,9089 Samir Forge,Suite 328,Emersonport,Brunei Darussalam,Prudence Hartmann,2018-03-19 16:05:34 UTC,17217
2018-03-19 16:05:41 UTC,918 Vanessa Estate,Suite 964,Reynoldtown,Samoa,Darrel Gleason,2018-03-19 16:05:41 UTC,17218
2018-03-19 16:05:43 UTC,43443 Hilbert Route,Suite 257,Mekhibury,Bahamas,Orville Morar,2018-03-19 16:05:43 UTC,17219
2018-03-19 16:05:50 UTC,9190 Rau Ferry,Suite 639,South Terrill,Bahrain,Jaylan Rowe,2018-03-19 16:05:50 UTC,17220
2018-03-19 16:05:52 UTC,218 Eli Mountain,Apt. 119,Lake Jaleel,Tuvalu,Filomena Schuster,2018-03-19 16:05:52 UTC,17221
2018-03-19 16:05:53 UTC,1557 Gleichner Mills,Apt. 486,New Federico,Puerto Rico,Jalen Volkman,2018-03-19 16:05:53 UTC,17222
2018-03-19 16:05:59 UTC,961 Hosea Springs,Suite 229,Lake Rexberg,Lesotho,Jameson Swaniawski,2018-03-19 16:05:59 UTC,17223
2018-03-19 16:06:06 UTC,87378 Herzog Station,Suite 840,West Emmalee,Holy See (Vatican City State),Alexandrine Schmidt,2018-03-19 16:06:06 UTC,17224
2018-03-19 16:06:11 UTC,1562 Muriel Isle,Apt. 398,Isomhaven,Paraguay,Angie Mueller,2018-03-19 16:06:11 UTC,17225
2018-03-19 16:06:18 UTC,84877 Dessie Forest,Apt. 365,Lake Fredyfurt,Nicaragua,Stone Wilderman,2018-03-19 16:06:18 UTC,17226
2018-03-19 16:06:20 UTC,59871 Kuhlman Brook,Suite 530,South Brigitteside,Christmas Island,Pierre Cartwright,2018-03-19 16:06:20 UTC,17227
2018-03-19 16:06:24 UTC,4801 Pfannerstill Divide,Apt. 950,Corbinhaven,Comoros,Vanessa West,2018-03-19 16:06:24 UTC,17228
2018-03-19 16:06:28 UTC,89959 Alize Harbor,Apt. 353,Mullershire,American Samoa,Bernard Schmidt,2018-03-19 16:06:28 UTC,17229
2018-03-19 16:06:34 UTC,4448 Kautzer Pass,Suite 143,Margretmouth,Puerto Rico,Zola Bode,2018-03-19 16:06:34 UTC,17230
2018-03-19 16:06:40 UTC,01203 Claud Lights,Suite 650,Schimmelstad,Puerto Rico,Jerald Blick,2018-03-19 16:06:40 UTC,17231
2018-03-19 16:06:44 UTC,204 Dare Spring,Apt. 579,Vallieshire,Mauritania,Amani Ernser,2018-03-19 16:06:44 UTC,17232
2018-03-19 16:06:48 UTC,81208 Murl Ports,Apt. 737,New Jonathanfurt,Djibouti,Jaden Feeney,2018-03-19 16:06:48 UTC,17233
2018-03-19 16:06:52 UTC,7012 Gibson Islands,Suite 121,East Yvette,Mali,Kip Gleason,2018-03-19 16:06:52 UTC,17234
2018-03-19 16:06:59 UTC,43397 Kennith Vista,Apt. 268,Gusikowskiside,Azerbaijan,Ronny Ullrich,2018-03-19 16:06:59 UTC,17235
2018-03-19 16:07:06 UTC,2641 Esther Square,Apt. 448,Port Evan,Turkey,Cathy Satterfield,2018-03-19 16:07:06 UTC,17236
2018-03-19 16:07:12 UTC,774 Cassin Villages,Suite 950,Port Ameliefort,Guatemala,Diego Prosacco,2018-03-19 16:07:12 UTC,17237
2018-03-19 16:07:16 UTC,8937 Sawayn Coves,Apt. 794,Satterfieldport,Latvia,Gus Reichert,2018-03-19 16:07:16 UTC,17238
2018-03-19 16:07:18 UTC,5986 Vernie Wall,Suite 660,West Godfreychester,Venezuela,Hassie Hessel,2018-03-19 16:07:18 UTC,17239
2018-03-19 16:07:22 UTC,2203 Annabelle Extension,Suite 480,North Weldon,Colombia,Maybell Schumm,2018-03-19 16:07:22 UTC,17240
2018-03-19 16:07:25 UTC,75709 Gleichner Greens,Suite 320,New Shirleyborough,Macao,Darby Rippin,2018-03-19 16:07:25 UTC,17241
2018-03-19 16:07:28 UTC,75989 Eichmann Turnpike,Apt. 356,Buckridgemouth,France,Eloy Beier,2018-03-19 16:07:28 UTC,17242
2018-03-19 16:07:30 UTC,23576 Fay Landing,Suite 848,North Anahi,Central African Republic,Keyon Harber,2018-03-19 16:07:30 UTC,17243
2018-03-19 16:07:33 UTC,4756 Kerluke Cove,Suite 756,North Jeff,Indonesia,Allan Durgan,2018-03-19 16:07:33 UTC,17244
2018-03-19 16:07:38 UTC,48876 Schiller Vista,Apt. 240,Lake Laneyfurt,Argentina,Providenci Mills,2018-03-19 16:07:38 UTC,17245
2018-03-19 16:07:42 UTC,589 Bell Port,Suite 840,Littelport,Poland,Laurianne Nolan,2018-03-19 16:07:42 UTC,17246
2018-03-19 16:07:44 UTC,620 Runolfsdottir Ramp,Apt. 854,Armstrongville,Grenada,Hoyt Wiegand,2018-03-19 16:07:44 UTC,17247
2018-03-19 16:07:51 UTC,35103 Adrain Passage,Suite 052,North Adelbertburgh,Chad,Vernice Cronin,2018-03-19 16:07:51 UTC,17248
2018-03-19 16:07:54 UTC,6625 Schmeler Cove,Apt. 026,North Raquelborough,Bulgaria,Gust Ziemann,2018-03-19 16:07:54 UTC,17249
2018-03-19 16:07:58 UTC,681 Tia View,Suite 599,Port Elseshire,Croatia,Rasheed Wuckert,2018-03-19 16:07:58 UTC,17250
2018-03-19 16:08:05 UTC,170 Ashlynn Vista,Suite 274,South Marguerite,South Georgia and the South Sandwich Islands,Jacey Gislason,2018-03-19 16:08:05 UTC,17251
2018-03-19 16:08:09 UTC,66154 Walsh Dale,Apt. 360,West Judestad,Jamaica,Shaina Boehm,2018-03-19 16:08:09 UTC,17252
2018-03-19 16:08:12 UTC,1267 Block Springs,Suite 896,Port Karelleborough,Costa Rica,Savion Mosciski,2018-03-19 16:08:12 UTC,17253
2018-03-19 16:08:14 UTC,89521 Laurence Cape,Suite 372,East Aryanna,Kenya,Nicola Goyette,2018-03-19 16:08:14 UTC,17254
2018-03-19 16:08:20 UTC,7493 Olson River,Suite 709,West Kenna,Haiti,Arianna Kihn,2018-03-19 16:08:20 UTC,17255
2018-03-19 16:08:27 UTC,963 Satterfield Path,Apt. 313,Lake Bernardofort,Botswana,Ransom Hirthe,2018-03-19 16:08:27 UTC,17256
2018-03-19 16:08:29 UTC,6233 Elsie Oval,Apt. 869,New Jakaylaberg,Aruba,Christiana Greenholt,2018-03-19 16:08:29 UTC,17257
2018-03-19 16:08:32 UTC,9215 Abbigail Ridge,Suite 408,Sandrinehaven,Lesotho,Maverick Heller,2018-03-19 16:08:32 UTC,17258
2018-03-19 16:08:35 UTC,32592 Eldora Route,Suite 091,Dennisborough,Taiwan,Abel Botsford,2018-03-19 16:08:35 UTC,17259
2018-03-19 16:08:40 UTC,3239 Damian Forges,Suite 957,Vallieton,Mayotte,Alysson Lehner,2018-03-19 16:08:40 UTC,17260
2018-03-19 16:08:41 UTC,50663 Satterfield Knoll,Apt. 881,Melvinville,Tajikistan,Santino Wyman,2018-03-19 16:08:41 UTC,17261
2018-03-19 16:08:47 UTC,665 Demarcus Mission,Apt. 832,Jeffrymouth,Bahrain,Lucy Steuber,2018-03-19 16:08:47 UTC,17262
2018-03-19 16:08:51 UTC,61257 Boyer Parks,Apt. 470,West Fannieburgh,Nepal,Salma Carroll,2018-03-19 16:08:51 UTC,17263
2018-03-19 16:08:53 UTC,635 Sporer Mountains,Apt. 155,Hagenesmouth,Azerbaijan,Marley Skiles,2018-03-19 16:08:53 UTC,17264
2018-03-19 16:08:59 UTC,4595 Kadin Key,Suite 646,South Travis,Kiribati,Macie Pouros,2018-03-19 16:08:59 UTC,17265
2018-03-19 16:09:02 UTC,138 Lelia Burgs,Suite 487,South Florence,Bulgaria,Keven Beer,2018-03-19 16:09:02 UTC,17266
2018-03-19 16:09:09 UTC,1271 Olson Ferry,Apt. 104,Runteburgh,Armenia,Kathleen Douglas,2018-03-19 16:09:09 UTC,17267
2018-03-19 16:09:12 UTC,81455 Lindgren Spurs,Apt. 081,West Madonnaside,Slovakia (Slovak Republic),Candace Kunze,2018-03-19 16:09:12 UTC,17268
2018-03-19 16:09:14 UTC,390 Shanelle Stravenue,Apt. 290,South Jamie,"Virgin Islands, British",Nia Donnelly,2018-03-19 16:09:14 UTC,17269
2018-03-19 16:09:15 UTC,27888 Roberts Square,Apt. 905,East Karolann,Namibia,Brendan Mraz,2018-03-19 16:09:15 UTC,17270
2018-03-19 16:09:22 UTC,065 Price Underpass,Apt. 152,Aufderharton,Martinique,Jovani Parker,2018-03-19 16:09:22 UTC,17271
2018-03-19 16:09:30 UTC,9414 Parker Course,Suite 409,East Fleta,Italy,Nova Smith,2018-03-19 16:09:30 UTC,17272
2018-03-19 16:09:33 UTC,227 Vincent Ridge,Suite 143,New Sagehaven,Georgia,Oscar Maggio,2018-03-19 16:09:33 UTC,17273
2018-03-19 16:09:40 UTC,17235 O'Conner Station,Apt. 294,Ephraimside,"Virgin Islands, British",Zaria Mayert,2018-03-19 16:09:40 UTC,17274
2018-03-19 16:09:42 UTC,8909 Schoen Station,Suite 404,Borerbury,Oman,Eriberto Hauck,2018-03-19 16:09:42 UTC,17275
2018-03-19 16:09:48 UTC,6653 Lydia Haven,Apt. 761,North Arno,Macedonia,Korey Toy,2018-03-19 16:09:48 UTC,17276
2018-03-19 16:09:55 UTC,09658 Nelle Wells,Apt. 298,West Rylan,Lesotho,Demetrius Hammes,2018-03-19 16:09:55 UTC,17277
2018-03-19 16:10:01 UTC,6307 Homenick Plains,Suite 146,Wardfurt,New Zealand,Maya Fadel,2018-03-19 16:10:01 UTC,17278
2018-03-19 16:10:08 UTC,29838 Lew Street,Apt. 574,East Rodrigo,Botswana,Edwardo Block,2018-03-19 16:10:08 UTC,17279
2018-03-19 16:10:13 UTC,68409 O'Kon Tunnel,Apt. 265,Sheldonmouth,Albania,Leatha Crona,2018-03-19 16:10:13 UTC,17280
2018-03-19 16:10:16 UTC,402 Wisozk Grove,Suite 450,Port Demetrius,United States Minor Outlying Islands,Cayla Pouros,2018-03-19 16:10:16 UTC,17281
2018-03-19 16:10:19 UTC,122 Crooks Square,Suite 856,South Hipolitofort,Indonesia,Clarissa Schuppe,2018-03-19 16:10:19 UTC,17282
2018-03-19 16:10:24 UTC,346 Willy Track,Suite 637,New Bryce,Holy See (Vatican City State),Sylvester Hirthe,2018-03-19 16:10:24 UTC,17283
2018-03-19 16:10:30 UTC,3990 Dandre Bypass,Apt. 631,Sophiaburgh,Mauritius,Jessy Mills,2018-03-19 16:10:30 UTC,17284
2018-03-19 16:10:36 UTC,6239 Loraine Track,Suite 853,Port Amaliamouth,Belgium,Tom Frami,2018-03-19 16:10:36 UTC,17285
2018-03-19 16:10:43 UTC,72014 Georgette Rapids,Apt. 776,Port Jaquelinton,Puerto Rico,Norris Littel,2018-03-19 16:10:43 UTC,17286
2018-03-19 16:10:48 UTC,565 Owen Mission,Apt. 629,New Baby,Georgia,Zella Hettinger,2018-03-19 16:10:48 UTC,17287
2018-03-19 16:10:50 UTC,1670 Bergnaum Ports,Suite 359,West Keaton,Nauru,Josue Hauck,2018-03-19 16:10:50 UTC,17288
2018-03-19 16:10:56 UTC,21313 Alexandria Drives,Suite 912,Blickport,Dominica,Merle Bayer,2018-03-19 16:10:56 UTC,17289
2018-03-19 16:10:58 UTC,10661 Mertz Summit,Suite 573,Flaviemouth,Tokelau,Claire Auer,2018-03-19 16:10:58 UTC,17290
2018-03-19 16:11:02 UTC,861 Davis Forest,Suite 455,Millerburgh,Jersey,Annetta Hahn,2018-03-19 16:11:02 UTC,17291
2018-03-19 16:11:04 UTC,922 Ferry Crest,Suite 103,New Sammyville,Democratic People's Republic of Korea,Marie Crona,2018-03-19 16:11:04 UTC,17292
2018-03-19 16:11:06 UTC,026 Eugenia Cliff,Suite 649,Cecilemouth,Nigeria,Darron Gibson,2018-03-19 16:11:06 UTC,17293
2018-03-20 18:10:55 UTC,72078 Emilie Burg,Suite 312,North Lisandroborough,Lithuania,Harmon Blanda,2018-03-20 18:10:55 UTC,17294
2018-03-20 18:11:01 UTC,54368 Mertz Views,Suite 772,Bernicemouth,Austria,Vivien Runolfsson,2018-03-20 18:11:01 UTC,17295
2018-03-20 18:11:31 UTC,61692 Gleichner Divide,Apt. 239,Connshire,Uruguay,Delmer Marks,2018-03-20 18:11:31 UTC,17296
2018-03-20 18:11:38 UTC,6566 Lowe Mission,Suite 157,South Kiana,Guernsey,Garrick Hahn,2018-03-20 18:11:38 UTC,17297
2018-03-20 18:11:52 UTC,55020 Mayert Forge,Suite 224,New Chaseton,Azerbaijan,Kianna Zulauf,2018-03-20 18:11:52 UTC,17298
2018-03-20 18:12:21 UTC,41311 Adelia Points,Apt. 262,New Vito,Jamaica,Santino Muller,2018-03-20 18:12:21 UTC,17299
2018-03-20 18:12:44 UTC,190 Esther Port,Suite 193,Robelmouth,Maldives,Laney Bartell,2018-03-20 18:12:44 UTC,17300
2018-03-20 18:13:00 UTC,57177 Kuhlman Shoal,Suite 889,Nicolasville,India,Fermin Schumm,2018-03-20 18:13:00 UTC,17301
2018-03-20 18:13:11 UTC,1898 Funk Courts,Apt. 957,Eldridgechester,Uzbekistan,Chasity O'Kon,2018-03-20 18:13:11 UTC,17302
2018-03-20 18:13:23 UTC,6414 Dare Rue,Suite 290,Port Anya,Bouvet Island (Bouvetoya),Eliane Nicolas,2018-03-20 18:13:23 UTC,17303
2018-03-20 18:13:43 UTC,15465 Linnea Mill,Suite 558,Hollisville,Equatorial Guinea,Jalyn Labadie,2018-03-20 18:13:43 UTC,17304
2018-03-20 18:14:19 UTC,5421 Jennings Neck,Suite 302,New Eileen,Palau,Jacklyn Nitzsche,2018-03-20 18:14:19 UTC,17305
2018-03-20 18:14:24 UTC,4349 Nitzsche Alley,Suite 465,North Everettefurt,Palestinian Territory,Crawford Koelpin,2018-03-20 18:14:24 UTC,17306
2018-03-20 18:14:52 UTC,150 Kub Neck,Apt. 348,South Kevonland,Cuba,Maria Gerhold,2018-03-20 18:14:52 UTC,17307
2018-03-20 18:14:58 UTC,510 Yvette Knoll,Suite 147,Lake Carli,Togo,Mitchel Mohr,2018-03-20 18:14:58 UTC,17308
2018-03-20 18:15:30 UTC,157 Amara Squares,Suite 840,New Ahmed,Svalbard & Jan Mayen Islands,Helene Gerhold,2018-03-20 18:15:30 UTC,17309
2018-03-20 18:15:48 UTC,481 Orval Groves,Apt. 908,North Abdullah,Libyan Arab Jamahiriya,Derric Hauck,2018-03-20 18:15:48 UTC,17310
2018-03-20 18:16:07 UTC,3933 Hirthe Hollow,Apt. 296,Brekkeview,Estonia,JÃ¢ke Ernser,2018-03-20 18:16:07 UTC,17311
