email,avatar,fullname,age,full address,birth date,created at,treatment,phone,stripe id,sponsor id
janessa_langosh@example.net,https://robohash.org/animieosaliquid.png?size=300x300&set=set1,Janessa Langosh,42,51030 Nicolas Valley Suite 831 Lake Lione Yemen,1976-12-20,2018-03-19 15:59:59 UTC,80,1-734-773-0352 x6662,cus_CWTLAAT5IztuLw,
simone.purdy53@example.org,https://robohash.org/autemplaceatminus.png?size=300x300&set=set1,Simone Purdy,46,0023 Nolan Green Suite 860 South Rubenside Spain,1972-08-10,2018-03-19 16:00:06 UTC,81,417-183-8418 x95608,cus_CWTLIu1Xk9Hh8m,
dortha90@example.net,https://robohash.org/doloresautemiure.png?size=300x300&set=set1,Dortha Brakus,37,1208 Marisa Fords Apt. 427 New Israel Switzerland,1981-08-22,2018-03-19 16:00:08 UTC,82,474-816-2441 x227,cus_CWTLj0YUmCY674,
regan_champlin90@example.com,https://robohash.org/estnullaquas.png?size=300x300&set=set1,Regan Champlin,47,6497 Keira Estate Suite 787 North Jaydenberg Bhutan,1971-09-26,2018-03-19 16:00:14 UTC,83,935-345-6617 x31488,cus_CWTL4tVRVyynIi,
alan.schmitt@example.org,https://robohash.org/repellatasperioresvoluptatibus.png?size=300x300&set=set1,Alan Schmitt,46,716 Kessler Junctions Suite 205 Armstrongborough Oman,1973-02-20,2018-03-19 16:00:16 UTC,84,791.892.6584 x90814,cus_CWTLwjTUD9n0CU,
deon.paucek@example.org,https://robohash.org/recusandaetotamrepellat.png?size=300x300&set=set1,Deon Paucek,30,3590 Franco Place Suite 798 South Dimitri Oman,1988-05-23,2018-03-19 16:00:20 UTC,85,840-347-1302,cus_CWTMvHtZ1Ygapc,
lurline.hermann81@example.net,https://robohash.org/autodioporro.png?size=300x300&set=set1,Lurline Hermann,35,4365 Mueller Course Suite 689 Abbottside Australia,1983-05-16,2018-03-19 16:00:22 UTC,86,929.275.3732,cus_CWTMzyrTy1gLHS,
anabel36@example.net,https://robohash.org/veritatisharumcorporis.png?size=300x300&set=set1,Anabel Graham,45,25961 Crooks Groves Apt. 902 Bahringermouth Samoa,1973-12-25,2018-03-19 16:00:26 UTC,87,(531) 973-0296 x28524,cus_CWTM1JQn2HdHRb,
deborah_swaniawski6@example.net,https://robohash.org/estaperiamrerum.png?size=300x300&set=set1,Deborah Swaniawski,24,1467 Durward Valley Suite 948 Johnsonton Ecuador,1994-05-29,2018-03-19 16:00:28 UTC,88,150-271-0134,cus_CWTM4WzsWhXMfw,
elisa44@example.net,https://robohash.org/doloremquiavoluptatem.png?size=300x300&set=set1,Elisa Fay,36,20613 Koepp Ranch Suite 082 Port Roosevelt Algeria,1982-05-06,2018-03-19 16:00:31 UTC,89,(244) 211-6984,cus_CWTM2SCqtHCa4R,
bud_swift@example.net,https://robohash.org/reminciduntnon.png?size=300x300&set=set1,Bud Swift,42,31223 Mosciski Summit Suite 612 Christopherport Antigua and Barbuda,1976-10-31,2018-03-19 16:00:36 UTC,90,164.222.3220 x27891,cus_CWTMiRJi9NWJEh,
leonora.runolfsdottir@example.org,https://robohash.org/utsuntasperiores.png?size=300x300&set=set1,Leonora Runolfsdottir,27,412 Balistreri Plains Suite 610 Kennedyshire Guadeloupe,1991-04-09,2018-03-19 16:00:39 UTC,91,323-365-6265 x89029,cus_CWTMMKTANAaQOt,
krista18@example.net,https://robohash.org/quiavoluptasautem.png?size=300x300&set=set1,Krista Runte,19,2214 Trevion Tunnel Suite 320 Lake Geovanytown Australia,1999-07-29,2018-03-19 16:00:42 UTC,92,326-689-1741,cus_CWTMsqvDeOjU9M,
lorine.kemmer@example.org,https://robohash.org/utdolorumdebitis.png?size=300x300&set=set1,Lorine Kemmer,45,225 Reynolds Views Apt. 828 North Greysonport Northern Mariana Islands,1973-05-10,2018-03-19 16:00:49 UTC,1,(702) 507-7508 x20444,cus_CWTM0tZPAgyir6,
dorris35@example.net,https://robohash.org/aliquidmaximeut.png?size=300x300&set=set1,Dorris Hammes,28,274 Noemy Squares Apt. 823 VonRuedenberg Heard Island and McDonald Islands,1990-07-31,2018-03-19 16:00:55 UTC,2,265-813-5080,cus_CWTMemSMT3dWO1,
tomasa.hermann41@example.com,https://robohash.org/consequaturporrosapiente.png?size=300x300&set=set1,Tomasa Hermann,31,751 Koss Forest Apt. 253 Millsborough Sweden,1988-01-24,2018-03-19 16:01:01 UTC,3,380.366.3771 x655,cus_CWTM47b603ehmc,
carleton_gulgowski@example.com,https://robohash.org/estvelitest.png?size=300x300&set=set1,Carleton Gulgowski,21,87813 Wisoky Harbor Suite 972 New Mackenzietown Niger,1998-03-02,2018-03-19 16:01:04 UTC,4,252.270.1355,cus_CWTMVSBoERFdQT,
donald_kozey94@example.org,https://robohash.org/adsolutanatus.png?size=300x300&set=set1,Donald Kozey,28,96827 Stamm Walks Apt. 683 West Elwinhaven Ethiopia,1990-05-09,2018-03-19 16:01:07 UTC,5,1-638-344-0026 x9583,cus_CWTMC8rdvDEPoH,
nyasia87@example.org,https://robohash.org/exercitationemoditvel.png?size=300x300&set=set1,Nyasia Prohaska,36,81289 Lesch Rest Apt. 746 Beattychester Jersey,1982-08-27,2018-03-19 16:01:13 UTC,6,529.827.9949,cus_CWTMXO4EyN6tEv,
alvis.kovacek@example.org,https://robohash.org/remveritatisut.png?size=300x300&set=set1,Alvis Kovacek,49,911 Steuber Plains Suite 310 North Caterinamouth Bahrain,1970-02-03,2018-03-19 16:01:18 UTC,7,(598) 854-6520,cus_CWTMHcoez88nd9,
justus_wolff97@example.net,https://robohash.org/expeditaeumsimilique.png?size=300x300&set=set1,Justus Wolff,34,2423 Einar Bridge Apt. 597 Curtport Montserrat,1984-04-27,2018-03-19 16:01:22 UTC,8,(261) 291-7861 x8654,cus_CWTNmFedFPbPxh,
jamal.swift68@example.org,https://robohash.org/dignissimosomnisinventore.png?size=300x300&set=set1,Jamal Swift,21,5390 Rohan Tunnel Apt. 028 Port Ubaldoville Saint Lucia,1997-04-20,2018-03-19 16:01:30 UTC,9,1-733-979-7923,cus_CWTNlj6fvv8S86,
cedrick89@example.com,https://robohash.org/aliquammodiet.png?size=300x300&set=set1,Cedrick Schmeler,37,695 Rau Passage Apt. 680 New Jayceeport Paraguay,1981-08-30,2018-03-19 16:01:33 UTC,10,160-040-4292 x0834,cus_CWTNYco9rBANSO,
magdalen.champlin64@example.com,https://robohash.org/sedautnon.png?size=300x300&set=set1,Magdalen Champlin,28,462 Osborne Lock Apt. 889 West Eulalia Malta,1990-05-02,2018-03-19 16:01:41 UTC,11,317.915.2465,cus_CWTN1KVpi38eF1,
rosalyn63@example.net,https://robohash.org/ullamaliquidperferendis.png?size=300x300&set=set1,Rosalyn Von,42,06988 Oberbrunner Way Apt. 191 Lake Constantin Mauritius,1976-10-31,2018-03-19 16:01:45 UTC,12,419-690-7443 x475,cus_CWTN1u8ACfyhaM,
hollis19@example.com,https://robohash.org/etquiminus.png?size=300x300&set=set1,Hollis Terry,20,9238 Tromp Village Apt. 781 South Rebecaville Venezuela,1998-06-12,2018-03-19 16:01:52 UTC,13,1-727-755-4759 x6310,cus_CWTNnfExy0ymnt,
ottis68@example.org,https://robohash.org/quamveniamcupiditate.png?size=300x300&set=set1,Ottis Spinka,36,11524 Beier Crossroad Apt. 819 New Grovertown Sri Lanka,1983-03-15,2018-03-19 16:01:59 UTC,14,(405) 158-3588 x3313,cus_CWTNNTbEcTDkiD,
timmy_schamberger@example.com,https://robohash.org/nihililloeos.png?size=300x300&set=set1,Timmy Schamberger,28,24593 Bayer Oval Suite 251 East Foresttown Jordan,1990-10-23,2018-03-19 16:02:01 UTC,15,(763) 433-0880,cus_CWTN8L3aBNwHbX,
ansley75@example.com,https://robohash.org/voluptatibusiureearum.png?size=300x300&set=set1,Ansley Bogisich,23,7270 Blanche Common Suite 950 Port Vernice Thailand,1995-12-12,2018-03-19 16:02:07 UTC,16,1-398-584-4391,cus_CWTNiEeUenlzBY,
kasandra13@example.org,https://robohash.org/aliquidsolutaarchitecto.png?size=300x300&set=set1,Kasandra Koelpin,31,341 Ophelia Canyon Apt. 846 Gerardoborough Togo,1987-10-23,2018-03-19 16:02:10 UTC,17,582.285.5566 x20872,cus_CWTNZNjIhT5ofM,
vince71@example.com,https://robohash.org/repellendusetdignissimos.png?size=300x300&set=set1,Vince Yost,37,649 Gerhold Meadows Apt. 171 North Stephanie Lithuania,1981-08-03,2018-03-19 16:02:11 UTC,18,936.559.2409 x9584,cus_CWTN6UBbbdlrHm,
juanita.kuhn@example.org,https://robohash.org/assumendaullamtempore.png?size=300x300&set=set1,Juanita Kuhn,29,01481 Abbott Key Apt. 991 Lake Sabina Anguilla,1989-11-12,2018-03-19 16:02:19 UTC,19,643-584-0555,cus_CWTOBQRv3uR6wi,
carlie43@example.com,https://robohash.org/voluptatemvoluptatesdeserunt.png?size=300x300&set=set1,Carlie Schmeler,35,2375 Allen Flats Apt. 021 East Alyceport Greece,1983-06-05,2018-03-19 16:02:24 UTC,20,424-796-6304 x371,cus_CWTOWNiBqNyU9B,
marjory74@example.org,https://robohash.org/molestiaeessequi.png?size=300x300&set=set1,Marjory Koch,28,9171 Wiza Prairie Apt. 583 Bernierview Cook Islands,1990-09-25,2018-03-19 16:02:27 UTC,79,317.220.9262 x1076,cus_CWTOlB4ez682xr,
monty.heller@example.net,https://robohash.org/veritatisdictavelit.png?size=300x300&set=set1,Monty Heller,39,2250 Dorian Common Suite 724 Aishahaven Burundi,1979-04-11,2018-03-19 16:02:33 UTC,21,(578) 378-5347,cus_CWTOpwaZJrkAXW,
earnestine79@example.net,https://robohash.org/quasquoipsum.png?size=300x300&set=set1,Earnestine Bergnaum,46,6800 Delilah Hill Apt. 323 Bogisichchester United States of America,1972-06-03,2018-03-19 16:02:37 UTC,22,324-901-5002 x587,cus_CWTOdiqfpZmZzp,
alene19@example.com,https://robohash.org/ipsumrerumeligendi.png?size=300x300&set=set1,Alene Bechtelar,27,247 King Passage Apt. 732 Lorenachester Philippines,1991-07-14,2018-03-19 16:02:43 UTC,23,1-583-377-7560,cus_CWTOS2ryAxVxOk,
verlie_reichel@example.org,https://robohash.org/voluptatemvelitvel.png?size=300x300&set=set1,Verlie Reichel,43,76556 Blanda Forges Apt. 745 West Darlene Djibouti,1975-04-07,2018-03-19 16:02:49 UTC,24,1-885-082-4085 x7644,cus_CWTOgQA5yBASVD,
jolie59@example.org,https://robohash.org/essenobiset.png?size=300x300&set=set1,Jolie Mills,28,2757 Cristina Canyon Apt. 397 Jovanberg Niger,1990-11-29,2018-03-19 16:02:55 UTC,25,646-249-2853,cus_CWTOTcR1lbXKyd,
loraine22@example.net,https://robohash.org/quisuntfacilis.png?size=300x300&set=set1,Loraine Jerde,47,392 Elena Ports Suite 093 New Talonstad French Southern Territories,1971-09-25,2018-03-19 16:02:59 UTC,26,659-262-5328 x820,cus_CWTOMKnB9IZ3X8,
caitlyn85@example.org,https://robohash.org/porroomnisexpedita.png?size=300x300&set=set1,Caitlyn Shields,19,131 Sebastian Crossing Suite 109 Jastborough Saint Kitts and Nevis,1999-07-24,2018-03-19 16:03:05 UTC,27,1-392-778-3406,cus_CWTOSAvqzauUHs,
brenna_kris48@example.com,https://robohash.org/reiciendisvelitquod.png?size=300x300&set=set1,Brenna Kris,41,848 Geraldine Ville Apt. 394 New Garrick Vanuatu,1977-12-12,2018-03-19 16:03:08 UTC,28,616-874-6953 x30356,cus_CWTOP6mwmqKj6a,
jakayla13@example.org,https://robohash.org/porroistein.png?size=300x300&set=set1,Jakayla Crist,24,937 Woodrow Skyway Apt. 511 DuBuquebury French Polynesia,1995-01-02,2018-03-19 16:03:10 UTC,29,281-931-7430,cus_CWTOjkUOQ9F6GJ,
yadira.smitham@example.net,https://robohash.org/illoconsequaturminus.png?size=300x300&set=set1,Yadira Smitham,35,147 Roob Mission Suite 670 Port Shyannmouth Equatorial Guinea,1984-03-01,2018-03-19 16:03:17 UTC,30,291-496-0053,cus_CWTOLprrs7J5JX,
edgardo.sauer62@example.com,https://robohash.org/quodconsequaturab.png?size=300x300&set=set1,Edgardo Sauer,27,7381 Carmel Squares Apt. 517 South Arictown Latvia,1991-07-18,2018-03-19 16:03:19 UTC,31,(107) 992-3820,cus_CWTOWpNFS6Qx7y,
heaven67@example.org,https://robohash.org/nonexplicaboexercitationem.png?size=300x300&set=set1,Heaven Cremin,21,725 Nikolaus Walks Apt. 015 Larrychester Comoros,1998-03-16,2018-03-19 16:03:25 UTC,32,203.614.4197 x4489,cus_CWTPZW2qN6iYgp,
alanna22@example.net,https://robohash.org/laudantiumdistinctionatus.png?size=300x300&set=set1,Alanna Watsica,27,182 Erick Trail Suite 785 Port Ernestinemouth Luxembourg,1991-04-24,2018-03-19 16:03:32 UTC,33,1-701-178-5528,cus_CWTPEFNghqz0zJ,
esperanza_wiza40@example.org,https://robohash.org/consequaturnonet.png?size=300x300&set=set1,Esperanza Wiza,44,8437 Lucious Plaza Apt. 719 Lake Greysonfort Nigeria,1974-04-26,2018-03-19 16:03:38 UTC,34,816-092-6226 x3777,cus_CWTPyRT42Moj8D,
darian_wilderman97@example.com,https://robohash.org/voluptateetest.png?size=300x300&set=set1,Darian Wilderman,20,0086 Jaida Drives Apt. 916 Port Maudeville Hong Kong,1998-06-14,2018-03-19 16:03:41 UTC,35,755-824-1040 x3230,cus_CWTPKq1EbtgNud,
michale.yundt@example.net,https://robohash.org/hicmaioresdolorum.png?size=300x300&set=set1,Michale Yundt,32,4515 Aric Valleys Apt. 376 New Makenziebury Cameroon,1986-05-16,2018-03-19 16:03:45 UTC,36,(359) 499-5955 x48273,cus_CWTPQuAp06BEKI,
tyreek.kunze@example.com,https://robohash.org/explicaboevenietquibusdam.png?size=300x300&set=set1,Tyreek Kunze,19,1390 Naomie Plain Apt. 987 New Juanita Montserrat,1999-11-30,2018-03-19 16:03:47 UTC,37,105-093-4817 x577,cus_CWTPNxdxas7Ulk,
dangelo47@example.com,https://robohash.org/quodducimusamet.png?size=300x300&set=set1,Dangelo Stoltenberg,20,74696 Brennan Trafficway Suite 958 North Janiya Australia,1999-01-01,2018-03-19 16:03:51 UTC,38,1-471-075-9804 x4890,cus_CWTPN9IcjzbE0V,
houston_brekke37@example.org,https://robohash.org/nonvoluptasnisi.png?size=300x300&set=set1,Houston Brekke,28,003 Hirthe Fork Suite 268 Rudolphchester Cameroon,1990-06-15,2018-03-19 16:03:53 UTC,39,297-023-8102,cus_CWTPBFwFKLCi8G,
billie76@example.net,https://robohash.org/consequaturauttempore.png?size=300x300&set=set1,Billie Huels,20,11955 Jakubowski Keys Suite 809 West Fabiola Samoa,1998-03-22,2018-03-19 16:04:00 UTC,40,(485) 956-2180 x186,cus_CWTPRBg9pVHwTp,
ashtyn63@example.org,https://robohash.org/aliquidillumet.png?size=300x300&set=set1,Ashtyn Ruecker,28,975 Dietrich Crest Suite 925 South Columbusberg Pitcairn Islands,1991-01-10,2018-03-19 16:04:05 UTC,41,339-529-4933,cus_CWTPDV8Csd5ZVy,
june45@example.net,https://robohash.org/distinctiolaboriosamquia.png?size=300x300&set=set1,June Mann,26,956 Klein Pass Apt. 876 Louveniamouth Brazil,1992-04-29,2018-03-19 16:04:07 UTC,42,958-582-2994 x011,cus_CWTPwTB8TX9uYC,
maymie.spinka@example.org,https://robohash.org/natussapienterepellat.png?size=300x300&set=set1,Maymie Spinka,49,721 Wilderman Heights Suite 513 New Nicholas Ghana,1969-07-25,2018-03-19 16:04:10 UTC,43,658-399-8666 x701,cus_CWTPA1xiv8wpuJ,
finn_lind@example.org,https://robohash.org/expeditaculpaunde.png?size=300x300&set=set1,Finn Lind,36,35461 Ocie Burgs Apt. 427 Paulbury Ecuador,1982-11-23,2018-03-19 16:04:14 UTC,44,841.480.7020,cus_CWTPnPcupQRryc,
london3@example.org,https://robohash.org/etliberoquidem.png?size=300x300&set=set1,London Connelly,33,0628 Alfonso Corners Apt. 655 West Jermey Grenada,1986-01-23,2018-03-19 16:04:18 UTC,45,363.125.4309 x5593,cus_CWTPPs0G9tnvbT,
brice.kuhn54@example.net,https://robohash.org/temporavoluptasquasi.png?size=300x300&set=set1,Brice Kuhn,27,2765 Jaylon Center Suite 711 Port Ricky Lebanon,1991-08-22,2018-03-19 16:04:26 UTC,46,(111) 795-3007,cus_CWTQWG4NtHh0aY,
lurline90@example.com,https://robohash.org/nequevoluptatemullam.png?size=300x300&set=set1,Lurline Powlowski,33,551 Morar Expressway Suite 969 East Wilma Algeria,1985-05-13,2018-03-19 16:04:33 UTC,47,201.297.8377 x224,cus_CWTQtua9Q1xRgG,
humberto_bartoletti8@example.com,https://robohash.org/earumsintsuscipit.png?size=300x300&set=set1,Humberto Bartoletti,20,20699 Roxanne Bypass Suite 476 Alizeborough Aruba,1998-12-24,2018-03-19 16:04:37 UTC,48,790-812-5815,cus_CWTQba1l9QHLbC,
sarah_gerlach@example.com,https://robohash.org/temporamollitianumquam.png?size=300x300&set=set1,Sarah Gerlach,45,3684 Predovic Walks Apt. 466 Port Saul Sao Tome and Principe,1973-12-01,2018-03-19 16:04:44 UTC,49,644-140-8364 x169,cus_CWTQpp8uOVr7je,
elmira80@example.net,https://robohash.org/deseruntevenietmodi.png?size=300x300&set=set1,Elmira Jakubowski,23,38666 Dangelo Unions Suite 664 Robbieview Vanuatu,1996-01-16,2018-03-19 16:04:51 UTC,50,(920) 592-0150 x9391,cus_CWTQ2Ld4Pe1DX8,
melba.little@example.net,https://robohash.org/sitremillo.png?size=300x300&set=set1,Melba Little,44,2233 Granville Meadows Apt. 061 Mannberg Lebanon,1974-04-19,2018-03-19 16:04:58 UTC,51,(199) 788-7353,cus_CWTQ92yBswDBXc,
micah.mosciski65@example.com,https://robohash.org/velitdeseruntconsequatur.png?size=300x300&set=set1,Micah Mosciski,20,5184 Keely Trafficway Apt. 162 Cronastad Portugal,1998-11-10,2018-03-19 16:05:02 UTC,52,(575) 674-4280 x03758,cus_CWTQEP0L6pN0z0,
katrina94@example.com,https://robohash.org/quibusdamducimusdoloribus.png?size=300x300&set=set1,Katrina Mosciski,46,2570 Toy Lights Suite 924 New Keaton Saint Vincent and the Grenadines,1972-04-10,2018-03-19 16:05:05 UTC,53,859.205.0005 x5940,cus_CWTQr9GQVCiJ1D,
macie.windler28@example.com,https://robohash.org/modiexercitationemfuga.png?size=300x300&set=set1,Macie Windler,20,8955 Parker Fort Apt. 228 Lorinehaven Latvia,1998-12-25,2018-03-19 16:05:11 UTC,54,1-585-245-1494 x01151,cus_CWTQA2COeN1o9m,
randi.eichmann@example.com,https://robohash.org/repudiandaevoluptatemtemporibus.png?size=300x300&set=set1,Randi Eichmann,32,3320 Kulas Hollow Suite 324 Gwenville Pakistan,1986-03-29,2018-03-19 16:05:18 UTC,55,1-382-705-6751,cus_CWTQOTjW620EDn,
earline86@example.com,https://robohash.org/illumperferendisqui.png?size=300x300&set=set1,Earline Ledner,31,9721 Otho Crescent Apt. 823 New Candace Guinea,1988-01-05,2018-03-19 16:05:22 UTC,56,500.594.8442,cus_CWTRIil01bwIMN,
alice54@example.org,https://robohash.org/utrationeatque.png?size=300x300&set=set1,Alice Hammes,39,18596 Sydney Island Apt. 358 Goodwinmouth Macedonia,1979-08-24,2018-03-19 16:05:28 UTC,57,1-509-725-1825,cus_CWTRghPfX4FmSn,
prudence.hartmann@example.com,https://robohash.org/quoquasut.png?size=300x300&set=set1,Prudence Hartmann,29,9089 Samir Forge Suite 328 Emersonport Brunei Darussalam,1989-03-30,2018-03-19 16:05:32 UTC,58,271-977-4972 x02087,cus_CWTRYESTj9GX9j,
darrel.gleason@example.com,https://robohash.org/illumhicfacere.png?size=300x300&set=set1,Darrel Gleason,40,918 Vanessa Estate Suite 964 Reynoldtown Samoa,1978-10-25,2018-03-19 16:05:40 UTC,59,(551) 503-1636,cus_CWTRSM4G4Butf7,
orville.morar42@example.com,https://robohash.org/consequaturcorruptilaborum.png?size=300x300&set=set1,Orville Morar,46,43443 Hilbert Route Suite 257 Mekhibury Bahamas,1972-05-30,2018-03-19 16:05:41 UTC,60,113-258-1379 x34882,cus_CWTRT74jplnupl,
jaylan_rowe@example.com,https://robohash.org/etmollitiaiure.png?size=300x300&set=set1,Jaylan Rowe,37,9190 Rau Ferry Suite 639 South Terrill Bahrain,1981-09-07,2018-03-19 16:05:48 UTC,61,485-423-0054,cus_CWTRev78fsmuDD,
filomena44@example.org,https://robohash.org/nihildictadolor.png?size=300x300&set=set1,Filomena Schuster,46,218 Eli Mountain Apt. 119 Lake Jaleel Tuvalu,1972-05-20,2018-03-19 16:05:50 UTC,62,(710) 893-4685,cus_CWTRoGmADu7iYO,
jalen54@example.org,https://robohash.org/odiotemporedignissimos.png?size=300x300&set=set1,Jalen Volkman,42,1557 Gleichner Mills Apt. 486 New Federico Puerto Rico,1976-08-09,2018-03-19 16:05:52 UTC,63,1-777-173-8251,cus_CWTRTQ18G2CzEY,
jameson_swaniawski@example.org,https://robohash.org/exaliquidquis.png?size=300x300&set=set1,Jameson Swaniawski,26,961 Hosea Springs Suite 229 Lake Rexberg Lesotho,1992-04-09,2018-03-19 16:05:57 UTC,64,549.442.8820,cus_CWTRjzBGOJfkPr,
alexandrine.schmidt6@example.net,https://robohash.org/verosedqui.png?size=300x300&set=set1,Alexandrine Schmidt,20,87378 Herzog Station Suite 840 West Emmalee Holy See (Vatican City State),1999-01-23,2018-03-19 16:06:04 UTC,65,233-497-8970,cus_CWTRUNg0q0GrO8,
angie.mueller23@example.org,https://robohash.org/ducimuseumearum.png?size=300x300&set=set1,Angie Mueller,50,1562 Muriel Isle Apt. 398 Isomhaven Paraguay,1968-07-07,2018-03-19 16:06:10 UTC,66,1-202-770-0769,cus_CWTRhPUbB6j3aY,
stone_wilderman@example.org,https://robohash.org/quorecusandaefugit.png?size=300x300&set=set1,Stone Wilderman,38,84877 Dessie Forest Apt. 365 Lake Fredyfurt Nicaragua,1980-09-10,2018-03-19 16:06:17 UTC,67,124.295.8266 x68846,cus_CWTRR9BXAITaNR,
pierre57@example.net,https://robohash.org/accusamuserrorsimilique.png?size=300x300&set=set1,Pierre Cartwright,41,59871 Kuhlman Brook Suite 530 South Brigitteside Christmas Island,1977-10-19,2018-03-19 16:06:18 UTC,68,851.532.7317,cus_CWTRVh12GRy7Ss,
vanessa36@example.org,https://robohash.org/temporesuntreprehenderit.png?size=300x300&set=set1,Vanessa West,19,4801 Pfannerstill Divide Apt. 950 Corbinhaven Comoros,1999-09-09,2018-03-19 16:06:23 UTC,69,684-353-7135 x872,cus_CWTSSuDdJ9Ng30,
bernard.schmidt@example.net,https://robohash.org/quiaquaequod.png?size=300x300&set=set1,Bernard Schmidt,35,89959 Alize Harbor Apt. 353 Mullershire American Samoa,1983-10-11,2018-03-19 16:06:27 UTC,70,677-596-2355,cus_CWTSwn8w2mwabz,
zola65@example.net,https://robohash.org/laboreprovidentdoloremque.png?size=300x300&set=set1,Zola Bode,38,4448 Kautzer Pass Suite 143 Margretmouth Puerto Rico,1981-03-19,2018-03-19 16:06:32 UTC,71,951.996.1424 x853,cus_CWTSuEECJR2SWa,
jerald_blick67@example.net,https://robohash.org/etquivoluptate.png?size=300x300&set=set1,Jerald Blick,50,01203 Claud Lights Suite 650 Schimmelstad Puerto Rico,1969-02-04,2018-03-19 16:06:38 UTC,72,628.772.6881,cus_CWTSz98Kpa7a26,
amani.ernser@example.com,https://robohash.org/minusomnissapiente.png?size=300x300&set=set1,Amani Ernser,25,204 Dare Spring Apt. 579 Vallieshire Mauritania,1994-01-11,2018-03-19 16:06:42 UTC,73,(981) 753-9299 x988,cus_CWTS7468MIxqtj,
jaden_feeney@example.com,https://robohash.org/quiaoccaecativoluptatem.png?size=300x300&set=set1,Jaden Feeney,35,81208 Murl Ports Apt. 737 New Jonathanfurt Djibouti,1983-10-19,2018-03-19 16:06:46 UTC,74,455.084.6575 x957,cus_CWTSu9FTIqIWzg,
kip_gleason72@example.com,https://robohash.org/dolorumaccusamusad.png?size=300x300&set=set1,Kip Gleason,31,7012 Gibson Islands Suite 121 East Yvette Mali,1987-05-15,2018-03-19 16:06:51 UTC,75,748-777-5526 x872,cus_CWTSzy2v3jP2hd,
ronny7@example.org,https://robohash.org/etipsadoloribus.png?size=300x300&set=set1,Ronny Ullrich,41,43397 Kennith Vista Apt. 268 Gusikowskiside Azerbaijan,1977-05-15,2018-03-19 16:06:58 UTC,76,(484) 426-4605,cus_CWTSKwc9L8VIGG,
cathy90@example.org,https://robohash.org/nonsintinventore.png?size=300x300&set=set1,Cathy Satterfield,50,2641 Esther Square Apt. 448 Port Evan Turkey,1968-10-20,2018-03-19 16:07:04 UTC,77,783.873.1704,cus_CWTSPXQwvegGFL,
diego_prosacco@example.net,https://robohash.org/velnostrumipsa.png?size=300x300&set=set1,Diego Prosacco,24,774 Cassin Villages Suite 950 Port Ameliefort Guatemala,1994-06-14,2018-03-19 16:07:10 UTC,78,783-470-6776,cus_CWTSchYMwSwnwz,
gus97@example.com,https://robohash.org/etautconsequuntur.png?size=300x300&set=set1,Gus Reichert,41,8937 Sawayn Coves Apt. 794 Satterfieldport Latvia,1977-10-14,2018-03-19 16:07:14 UTC,142,1-710-972-9681 x79295,cus_CWTSqwYAo8Csjv,
hassie.hessel62@example.net,https://robohash.org/quoperferendisfugit.png?size=300x300&set=set1,Hassie Hessel,23,5986 Vernie Wall Suite 660 West Godfreychester Venezuela,1995-07-08,2018-03-19 16:07:16 UTC,143,(883) 651-3679 x95633,cus_CWTSEUn5wFjUdD,
maybell_schumm64@example.org,https://robohash.org/ututvoluptatem.png?size=300x300&set=set1,Maybell Schumm,25,2203 Annabelle Extension Suite 480 North Weldon Colombia,1994-03-14,2018-03-19 16:07:21 UTC,93,384-909-7470,cus_CWTTuT4yjiJ5O9,
darby1@example.org,https://robohash.org/omnissuntcommodi.png?size=300x300&set=set1,Darby Rippin,19,75709 Gleichner Greens Suite 320 New Shirleyborough Macao,1999-12-29,2018-03-19 16:07:24 UTC,94,952-125-4298 x483,cus_CWTTa1MIMhq6Dv,
eloy.beier@example.com,https://robohash.org/etautdolor.png?size=300x300&set=set1,Eloy Beier,44,75989 Eichmann Turnpike Apt. 356 Buckridgemouth France,1974-11-06,2018-03-19 16:07:27 UTC,144,(483) 087-9360,cus_CWTTPHKB7fzG0v,
keyon58@example.org,https://robohash.org/atestminus.png?size=300x300&set=set1,Keyon Harber,27,23576 Fay Landing Suite 848 North Anahi Central African Republic,1991-05-17,2018-03-19 16:07:28 UTC,95,1-659-530-8841,cus_CWTT7hySyMIBGF,
allan.durgan0@example.org,https://robohash.org/quilaboriosamdignissimos.png?size=300x300&set=set1,Allan Durgan,49,4756 Kerluke Cove Suite 756 North Jeff Indonesia,1969-10-15,2018-03-19 16:07:31 UTC,96,514.096.3954,cus_CWTTr58kENA7Er,
providenci.mills@example.net,https://robohash.org/teneturquiaofficiis.png?size=300x300&set=set1,Providenci Mills,39,48876 Schiller Vista Apt. 240 Lake Laneyfurt Argentina,1979-10-01,2018-03-19 16:07:36 UTC,97,291-087-1965 x087,cus_CWTTmqVV3MMPj8,
laurianne59@example.org,https://robohash.org/etdolorfacere.png?size=300x300&set=set1,Laurianne Nolan,49,589 Bell Port Suite 840 Littelport Poland,1969-10-17,2018-03-19 16:07:41 UTC,98,193-731-8030 x6519,cus_CWTTuWgnBxKgV7,
hoyt4@example.com,https://robohash.org/estquiratione.png?size=300x300&set=set1,Hoyt Wiegand,23,620 Runolfsdottir Ramp Apt. 854 Armstrongville Grenada,1995-06-19,2018-03-19 16:07:42 UTC,99,885.327.7329,cus_CWTTsZIE66sazf,
vernice30@example.org,https://robohash.org/utaliquidet.png?size=300x300&set=set1,Vernice Cronin,21,35103 Adrain Passage Suite 052 North Adelbertburgh Chad,1997-11-26,2018-03-19 16:07:49 UTC,100,403.440.9573 x56671,cus_CWTTQ2LKjcPnvO,
gust.ziemann84@example.net,https://robohash.org/mollitiaipsumveritatis.png?size=300x300&set=set1,Gust Ziemann,20,6625 Schmeler Cove Apt. 026 North Raquelborough Bulgaria,1998-04-03,2018-03-19 16:07:52 UTC,101,127.945.5041,cus_CWTTcOQJlPInV9,
rasheed_wuckert@example.org,https://robohash.org/quiaautemnam.png?size=300x300&set=set1,Rasheed Wuckert,19,681 Tia View Suite 599 Port Elseshire Croatia,2000-02-17,2018-03-19 16:07:57 UTC,102,(189) 390-9865 x5334,cus_CWTT3nodEoKgis,
jacey.gislason53@example.org,https://robohash.org/quodnihilexpedita.png?size=300x300&set=set1,Jacey Gislason,24,170 Ashlynn Vista Suite 274 South Marguerite South Georgia and the South Sandwich Islands,1994-07-20,2018-03-19 16:08:03 UTC,103,795-575-7058,cus_CWTTWI6yhaL3Kt,
shaina28@example.org,https://robohash.org/aperiamestmagni.png?size=300x300&set=set1,Shaina Boehm,35,66154 Walsh Dale Apt. 360 West Judestad Jamaica,1983-05-20,2018-03-19 16:08:08 UTC,104,(548) 243-6203,cus_CWTTQy6G6uYA1R,
savion63@example.org,https://robohash.org/dictarecusandaevel.png?size=300x300&set=set1,Savion Mosciski,38,1267 Block Springs Suite 896 Port Karelleborough Costa Rica,1980-12-19,2018-03-19 16:08:11 UTC,105,912-041-9649,cus_CWTTfJsmkq5rfJ,
nicola_goyette@example.net,https://robohash.org/noneligendinatus.png?size=300x300&set=set1,Nicola Goyette,39,89521 Laurence Cape Suite 372 East Aryanna Kenya,1980-01-03,2018-03-19 16:08:12 UTC,106,319.005.0716,cus_CWTTGHN3YG8QCu,
arianna_kihn@example.net,https://robohash.org/doloremqueautsed.png?size=300x300&set=set1,Arianna Kihn,47,7493 Olson River Suite 709 West Kenna Haiti,1971-11-06,2018-03-19 16:08:18 UTC,107,707-934-7425,cus_CWTTR3cRFYvZUU,
ransom95@example.com,https://robohash.org/sintducimusad.png?size=300x300&set=set1,Ransom Hirthe,48,963 Satterfield Path Apt. 313 Lake Bernardofort Botswana,1970-11-10,2018-03-19 16:08:25 UTC,108,382-406-1590 x36922,cus_CWTUDQblMa4aUf,
christiana58@example.com,https://robohash.org/etquamanimi.png?size=300x300&set=set1,Christiana Greenholt,19,6233 Elsie Oval Apt. 869 New Jakaylaberg Aruba,1999-12-08,2018-03-19 16:08:27 UTC,109,(466) 702-3610 x057,cus_CWTU7e60sVyfm9,
maverick84@example.org,https://robohash.org/earumitaqueaspernatur.png?size=300x300&set=set1,Maverick Heller,24,9215 Abbigail Ridge Suite 408 Sandrinehaven Lesotho,1994-12-02,2018-03-19 16:08:30 UTC,110,(986) 341-7632 x4535,cus_CWTUXYxMxzfMVe,
abel_botsford10@example.org,https://robohash.org/quietquae.png?size=300x300&set=set1,Abel Botsford,23,32592 Eldora Route Suite 091 Dennisborough Taiwan,1995-05-02,2018-03-19 16:08:33 UTC,111,999-562-1854,cus_CWTUV5ZNwQFn27,
alysson9@example.org,https://robohash.org/temporibusinciduntet.png?size=300x300&set=set1,Alysson Lehner,31,3239 Damian Forges Suite 957 Vallieton Mayotte,1987-05-13,2018-03-19 16:08:38 UTC,112,647.238.2447,cus_CWTUSVbMxy3a0E,
santino.wyman@example.com,https://robohash.org/omnissuntvelit.png?size=300x300&set=set1,Santino Wyman,19,50663 Satterfield Knoll Apt. 881 Melvinville Tajikistan,2000-02-19,2018-03-19 16:08:40 UTC,113,443.668.7749,cus_CWTUtWqvcPt1O9,
lucy50@example.org,https://robohash.org/molestiaslaboreimpedit.png?size=300x300&set=set1,Lucy Steuber,34,665 Demarcus Mission Apt. 832 Jeffrymouth Bahrain,1984-09-17,2018-03-19 16:08:45 UTC,114,1-448-369-6726,cus_CWTUkvu0gke57d,
salma.carroll@example.com,https://robohash.org/inciduntexitaque.png?size=300x300&set=set1,Salma Carroll,35,61257 Boyer Parks Apt. 470 West Fannieburgh Nepal,1983-06-23,2018-03-19 16:08:50 UTC,115,396-997-5293 x6143,cus_CWTUdjCLkExDU4,
marley.skiles@example.org,https://robohash.org/consequunturetdolores.png?size=300x300&set=set1,Marley Skiles,28,635 Sporer Mountains Apt. 155 Hagenesmouth Azerbaijan,1990-05-01,2018-03-19 16:08:51 UTC,116,540.002.4490,cus_CWTUOfguj1Itkg,
macie.pouros@example.org,https://robohash.org/hicvoluptasquae.png?size=300x300&set=set1,Macie Pouros,29,4595 Kadin Key Suite 646 South Travis Kiribati,1990-02-17,2018-03-19 16:08:57 UTC,117,(987) 058-1444 x0832,cus_CWTULeexOMeaaH,
keven33@example.org,https://robohash.org/utcumquequidem.png?size=300x300&set=set1,Keven Beer,26,138 Lelia Burgs Suite 487 South Florence Bulgaria,1992-08-18,2018-03-19 16:09:00 UTC,118,549-899-0752 x3682,cus_CWTUyhWLQeCAyx,
kathleen_douglas17@example.net,https://robohash.org/quiautemexcepturi.png?size=300x300&set=set1,Kathleen Douglas,29,1271 Olson Ferry Apt. 104 Runteburgh Armenia,1989-03-31,2018-03-19 16:09:07 UTC,119,150-302-5809,cus_CWTUaTcaPA46sT,
candace.kunze@example.com,https://robohash.org/etetomnis.png?size=300x300&set=set1,Candace Kunze,37,81455 Lindgren Spurs Apt. 081 West Madonnaside Slovakia (Slovak Republic),1981-09-04,2018-03-19 16:09:10 UTC,120,(852) 475-1942 x079,cus_CWTU6gWC2BOUqD,
nia66@example.net,https://robohash.org/animiveroquia.png?size=300x300&set=set1,Nia Donnelly,42,"390 Shanelle Stravenue Apt. 290 South Jamie Virgin Islands, British",1976-05-11,2018-03-19 16:09:12 UTC,121,836.918.6963,cus_CWTUNNFYrd7RKR,
brendan46@example.net,https://robohash.org/dolorametducimus.png?size=300x300&set=set1,Brendan Mraz,40,27888 Roberts Square Apt. 905 East Karolann Namibia,1978-09-26,2018-03-19 16:09:14 UTC,122,559-575-1796,cus_CWTUnSTJLk0188,
jovani81@example.com,https://robohash.org/possimusaperiamut.png?size=300x300&set=set1,Jovani Parker,46,065 Price Underpass Apt. 152 Aufderharton Martinique,1972-08-15,2018-03-19 16:09:21 UTC,123,488-313-2443 x014,cus_CWTVbxJ9rBZbbo,
nova_smith48@example.com,https://robohash.org/voluptasplaceatsunt.png?size=300x300&set=set1,Nova Smith,28,9414 Parker Course Suite 409 East Fleta Italy,1990-06-21,2018-03-19 16:09:28 UTC,124,226.467.7122,cus_CWTVXwUB0E8tP4,
oscar_maggio@example.org,https://robohash.org/minimasimiliqueconsequatur.png?size=300x300&set=set1,Oscar Maggio,25,227 Vincent Ridge Suite 143 New Sagehaven Georgia,1993-11-05,2018-03-19 16:09:31 UTC,125,963.014.8470,cus_CWTVf56w6mI9I9,
zaria.mayert@example.net,https://robohash.org/voluptatumnostrumvoluptatibus.png?size=300x300&set=set1,Zaria Mayert,39,"17235 O'Conner Station Apt. 294 Ephraimside Virgin Islands, British",1979-11-06,2018-03-19 16:09:38 UTC,126,1-846-111-6864 x02825,cus_CWTVP2x9sgkimS,
eriberto.hauck7@example.net,https://robohash.org/omnisquoet.png?size=300x300&set=set1,Eriberto Hauck,25,8909 Schoen Station Suite 404 Borerbury Oman,1993-07-24,2018-03-19 16:09:41 UTC,127,485-665-9922 x0246,cus_CWTVLOz6rNRO30,
korey87@example.org,https://robohash.org/estquasut.png?size=300x300&set=set1,Korey Toy,21,6653 Lydia Haven Apt. 761 North Arno Macedonia,1997-05-17,2018-03-19 16:09:46 UTC,145,(125) 129-6078 x6694,cus_CWTVQZf0Z23fF5,
demetrius_hammes@example.net,https://robohash.org/suntnemoneque.png?size=300x300&set=set1,Demetrius Hammes,48,09658 Nelle Wells Apt. 298 West Rylan Lesotho,1970-11-29,2018-03-19 16:09:54 UTC,146,831-972-7726,cus_CWTVKggkrKcfiC,
maya_fadel@example.com,https://robohash.org/delenitirationeatque.png?size=300x300&set=set1,Maya Fadel,32,6307 Homenick Plains Suite 146 Wardfurt New Zealand,1986-05-28,2018-03-19 16:09:59 UTC,147,(138) 371-8850 x65811,cus_CWTVsqorFszWzz,
edwardo.block63@example.org,https://robohash.org/itaqueadipisciasperiores.png?size=300x300&set=set1,Edwardo Block,41,29838 Lew Street Apt. 574 East Rodrigo Botswana,1977-08-01,2018-03-19 16:10:07 UTC,148,162.250.2717,cus_CWTVlhZVDcoUu5,
leatha.crona2@example.net,https://robohash.org/etquiunde.png?size=300x300&set=set1,Leatha Crona,29,68409 O'Kon Tunnel Apt. 265 Sheldonmouth Albania,1989-06-29,2018-03-19 16:10:11 UTC,128,809-916-2888,cus_CWTVrE6gSruDSL,
cayla.pouros89@example.net,https://robohash.org/doloremquesimiliquepraesentium.png?size=300x300&set=set1,Cayla Pouros,26,402 Wisozk Grove Suite 450 Port Demetrius United States Minor Outlying Islands,1992-06-27,2018-03-19 16:10:14 UTC,129,466-806-7627,cus_CWTVW9ULD9boKX,
clarissa49@example.net,https://robohash.org/ipsarepellendusut.png?size=300x300&set=set1,Clarissa Schuppe,31,122 Crooks Square Suite 856 South Hipolitofort Indonesia,1988-03-10,2018-03-19 16:10:17 UTC,130,1-452-344-6544 x17436,cus_CWTVqs4PoBAjf0,
sylvester_hirthe7@example.com,https://robohash.org/aperiamexcepturineque.png?size=300x300&set=set1,Sylvester Hirthe,42,346 Willy Track Suite 637 New Bryce Holy See (Vatican City State),1977-02-04,2018-03-19 16:10:22 UTC,131,(172) 287-8403 x162,cus_CWTWH6wcx7df46,
jessy_mills60@example.net,https://robohash.org/etenimneque.png?size=300x300&set=set1,Jessy Mills,36,3990 Dandre Bypass Apt. 631 Sophiaburgh Mauritius,1982-12-04,2018-03-19 16:10:28 UTC,132,948.033.6086,cus_CWTWwY5rYmv3Mo,
tom67@example.com,https://robohash.org/isteenimin.png?size=300x300&set=set1,Tom Frami,35,6239 Loraine Track Suite 853 Port Amaliamouth Belgium,1983-11-22,2018-03-19 16:10:34 UTC,133,625.592.4484 x5837,cus_CWTW1WBJkziuFG,
norris_littel81@example.org,https://robohash.org/quiaetamet.png?size=300x300&set=set1,Norris Littel,46,72014 Georgette Rapids Apt. 776 Port Jaquelinton Puerto Rico,1972-12-31,2018-03-19 16:10:41 UTC,134,647-405-2009,cus_CWTW7ThN7M8xoc,
zella13@example.net,https://robohash.org/voluptatemdoloresitaque.png?size=300x300&set=set1,Zella Hettinger,28,565 Owen Mission Apt. 629 New Baby Georgia,1990-04-03,2018-03-19 16:10:47 UTC,135,1-443-925-9868 x74589,cus_CWTWN5tii6yq9m,
josue19@example.com,https://robohash.org/eumerrorquo.png?size=300x300&set=set1,Josue Hauck,20,1670 Bergnaum Ports Suite 359 West Keaton Nauru,1999-02-05,2018-03-19 16:10:48 UTC,136,(489) 165-6335 x346,cus_CWTWpt9qc1nxX6,
merle.bayer15@example.com,https://robohash.org/voluptatibusetut.png?size=300x300&set=set1,Merle Bayer,49,21313 Alexandria Drives Suite 912 Blickport Dominica,1969-03-20,2018-03-19 16:10:54 UTC,137,147-482-8705 x5967,cus_CWTWmVch5Okn6a,
claire.auer31@example.net,https://robohash.org/velitnamin.png?size=300x300&set=set1,Claire Auer,24,10661 Mertz Summit Suite 573 Flaviemouth Tokelau,1994-03-22,2018-03-19 16:10:56 UTC,138,1-375-682-3753 x83259,cus_CWTW0Bi2Vn5Wk0,
annetta_hahn60@example.org,https://robohash.org/esseidenim.png?size=300x300&set=set1,Annetta Hahn,19,861 Davis Forest Suite 455 Millerburgh Jersey,2000-02-28,2018-03-19 16:11:00 UTC,139,(682) 004-5102 x079,cus_CWTWCMRubAVeoY,
marie24@example.com,https://robohash.org/optioomnisdoloremque.png?size=300x300&set=set1,Marie Crona,23,922 Ferry Crest Suite 103 New Sammyville Democratic People's Republic of Korea,1995-07-27,2018-03-19 16:11:02 UTC,140,(169) 865-8751,cus_CWTWl7wSzDrPmu,
darron_gibson@example.com,https://robohash.org/ipsamharumdolor.png?size=300x300&set=set1,Darron Gibson,43,026 Eugenia Cliff Suite 649 Cecilemouth Nigeria,1975-05-04,2018-03-19 16:11:04 UTC,141,553.272.7056,cus_CWTWqiGPEsSQg4,
harmon82@example.org,https://robohash.org/temporeeasunt.png?size=300x300&set=set1,Harmon Blanda,46,72078 Emilie Burg Suite 312 North Lisandroborough Lithuania,1972-06-22,2018-03-20 18:10:53 UTC,149,1-696-789-2652 x3291,cus_CWsglZoPvkCsGt,
vivien.runolfsson@example.com,https://robohash.org/illumquamsapiente.png?size=300x300&set=set1,Vivien Runolfsson,47,54368 Mertz Views Suite 772 Bernicemouth Austria,1971-05-03,2018-03-20 18:10:59 UTC,150,444.523.8574 x65663,cus_CWsgBvjtUPBJes,
delmer3@example.net,https://robohash.org/eosquiet.png?size=300x300&set=set1,Delmer Marks,33,61692 Gleichner Divide Apt. 239 Connshire Uruguay,1985-03-28,2018-03-20 18:11:29 UTC,151,1-987-462-0824,cus_CWsh1OkFvFKzrK,
garrick77@example.com,https://robohash.org/oditrationequi.png?size=300x300&set=set1,Garrick Hahn,32,6566 Lowe Mission Suite 157 South Kiana Guernsey,1986-07-15,2018-03-20 18:11:36 UTC,152,1-389-780-5581 x7218,cus_CWshwXNS861Gxt,
kianna_zulauf66@example.org,https://robohash.org/quisquamquoest.png?size=300x300&set=set1,Kianna Zulauf,35,55020 Mayert Forge Suite 224 New Chaseton Azerbaijan,1983-04-18,2018-03-20 18:11:50 UTC,153,(482) 474-8216 x47966,cus_CWshcTj2U8LJh4,
santino.muller@example.net,https://robohash.org/fugitlaudantiumomnis.png?size=300x300&set=set1,Santino Muller,46,41311 Adelia Points Apt. 262 New Vito Jamaica,1973-02-22,2018-03-20 18:12:19 UTC,154,729-215-7612 x057,cus_CWsi1HGwDIibsv,
laney58@example.com,https://robohash.org/quisautperferendis.png?size=300x300&set=set1,Laney Bartell,49,190 Esther Port Suite 193 Robelmouth Maldives,1969-10-28,2018-03-20 18:12:41 UTC,155,486.780.8435 x893,cus_CWsiBXi1xHP0YK,
fermin.schumm51@example.com,https://robohash.org/blanditiisoditvoluptates.png?size=300x300&set=set1,Fermin Schumm,20,57177 Kuhlman Shoal Suite 889 Nicolasville India,1998-11-03,2018-03-20 18:12:58 UTC,156,181.928.0718 x29920,cus_CWsigVfuYLhl5V,
chasity_okon5@example.com,https://robohash.org/totamplaceatveniam.png?size=300x300&set=set1,Chasity O'Kon,47,1898 Funk Courts Apt. 957 Eldridgechester Uzbekistan,1971-09-13,2018-03-20 18:13:09 UTC,157,1-364-965-6477 x046,cus_CWsiZBYCmCOVCT,
eliane_nicolas42@example.net,https://robohash.org/velitnona.png?size=300x300&set=set1,Eliane Nicolas,31,6414 Dare Rue Suite 290 Port Anya Bouvet Island (Bouvetoya),1987-11-01,2018-03-20 18:13:21 UTC,158,680-666-9782 x67295,cus_CWsjrDIcgbfVTv,
jalyn.labadie@example.com,https://robohash.org/consequaturdoloremqueillo.png?size=300x300&set=set1,Jalyn Labadie,20,15465 Linnea Mill Suite 558 Hollisville Equatorial Guinea,1998-06-21,2018-03-20 18:13:41 UTC,159,367.896.8047 x4025,cus_CWsjseuz9gcvya,
jacklyn.nitzsche@example.net,https://robohash.org/accusamusodioasperiores.png?size=300x300&set=set1,Jacklyn Nitzsche,46,5421 Jennings Neck Suite 302 New Eileen Palau,1972-07-18,2018-03-20 18:14:17 UTC,160,(884) 399-1779 x4507,cus_CWsjNToQeTZMTo,
crawford_koelpin41@example.net,https://robohash.org/quoquistotam.png?size=300x300&set=set1,Crawford Koelpin,42,4349 Nitzsche Alley Suite 465 North Everettefurt Palestinian Territory,1976-05-26,2018-03-20 18:14:22 UTC,161,1-412-794-0706 x3553,cus_CWsk2ihZ2Pa8FA,
maria81@example.com,https://robohash.org/molestiaesitmolestiae.png?size=300x300&set=set1,Maria Gerhold,21,150 Kub Neck Apt. 348 South Kevonland Cuba,1997-06-08,2018-03-20 18:14:50 UTC,162,(655) 905-1047 x0005,cus_CWskPHDJHD0DtO,
mitchel_mohr@example.org,https://robohash.org/sintnemoaut.png?size=300x300&set=set1,Mitchel Mohr,25,510 Yvette Knoll Suite 147 Lake Carli Togo,1993-10-26,2018-03-20 18:14:56 UTC,163,(660) 447-5831 x605,cus_CWsk1lmcTuuwBp,
helene_gerhold@example.net,https://robohash.org/nostrumtemporibuscupiditate.png?size=300x300&set=set1,Helene Gerhold,40,157 Amara Squares Suite 840 New Ahmed Svalbard & Jan Mayen Islands,1978-09-29,2018-03-20 18:15:28 UTC,164,756-592-6693 x8055,cus_CWsl6eX4u7iOli,
derrick19@example.net,https://robohash.org/saepemollitianesciunt.png?size=300x300&set=set1,Derric Hauck,38,481 Orval Groves Apt. 908 North Abdullah Libyan Arab Jamahiriya,1980-10-17,2018-03-20 18:15:46 UTC,165,(866) 606-1486,cus_CWsl1UTWktNQ2W,
jake_ernser82@example.com,"data:image/jpeg;base64,/9j/4AAQSkZJRgABAQAAAQABAAD/2wCEAAkGBw0SDQ4ODQ4QDg0PEBASDQ0RDRAQEg0TFhYWFhURExMkHSksGhslHBMTIjUiJTUrLi4uFyI3ODYsNygtLisBCgoKDg0OFw8QFysdFR0tKy0tLSsrLS0rLS4rLSstKy8rKy0rKy0rLSsrLS4rLSsrLS0tLSstLSsrKystKy0tK//AABEIAOEA4QMBEQACEQEDEQH/xAAbAAEBAAMBAQEAAAAAAAAAAAABAAQFBgMHAv/EAD8QAAICAAIGBwUFBQkBAAAAAAABAgMEEQUGEiExcSJBUWGBkaETMlJysTNCQ8HRFWJjgpIUJFOTorLC0vAj/8QAGQEBAQADAQAAAAAAAAAAAAAAAAECAwQF/8QALBEBAAICAQMCBQQCAwAAAAAAAAECAxExBBIhQVETMmFxsSKBkeEUQlLR8P/aAAwDAQACEQMRAD8A+4gajSmm4VtwrSnYuPwwff2vuNV8sR4jlpyZor4jlz+J0lfN9KyWXwp7K8kaJvafVzTktPMsRsxYAIAJhAAAARAAQAAEEAABBAABEUDCACAMwjJw+ksRW867pru2nKP9L3GUWmPVnXLevEuk0RrRGTUMSlCT3K1boP5l1c+HI21y78S7MXVRPi/h0hudiA1GsGkXXBVweVk1x64R7eb/AFNWW+o1HLTmydsajlypzOMAAQATCAAAAiAAgAAIIAACCAACIoGEAEABAAATCOr1R0s3/drHm0s6W+xcYeC3ruz7Dfiv6S7+lzb/AET+zqDc7XEaVvc77JdW01Hkty+nqcd53aXBkndpliGLABABMIAAACIACAAAggAAIIAAIigYQAQAEAABBAB6Ya912Qsj70JKS78uosTqdrW01mLR6Pov7Sp+I6u6HsfEr7uIbONwAIAJhAAAARAAQAAEEAABBAABEUDCAAAggAAIIAAIGB6/2mfaXbLvlnGLoAEwgAAAIgAIAACCAAAggAAiKBhAAAQQAAEEAAEAAEQGzI60wgAAAIgAIAACCAAAggAAiKBhAAAQR6YfD2WPZrhKb68lw72+rxLETPC1rNvEQ8SMUAAAQAARAQGzZHUAAACIACAAAggAAIIAGEJS3RTk+5NlIiZ4e8dHYl8KLf8AKkvyL2z7Mvh3/wCMvWOhcW+FEvHZX1Zfh29l+Bk9nrHV7Gv8LLnZX+pfh29mX+Pk9ntDVbFPi6o85yf0Rl8KzKOkv9GXTqi/xL/CNf5t/kWMP1Zx0fvZssNq1hIb3GVj7Zy3eSyRnGKsN1emxx9X51jxUKMK661GErM4QjFJJJ+88uXq0Mk9tdQnUXjHTUerhTmeYgAIAAIgBgBRtDF1AIAIACAAAggAAII3mjNW7JpTubqg+Ecum/8Ar/7cbq4pnl04+mm3m3iHQ4bQ2Fh7tUZP4prbfPfw8DbFKx6OquGlfRnJJbksl2GbaQICAgIDyxN8K4Ssskowis22SZ15lja0Vjc8Pnul9Iyvudj3R4Vw+GP6nLa3dO3k5ck5LbYRi1gIAAIgBgBURBsyOoAQAEAABBAAAQR0eq2i0/7xYs0nlVF9q4z89y5PuN+KnrLr6bFv9c/s6k3u1AQEBAQEBh6R0nTRHO2W9+7Bb5S5L8+Bja0V5a8mWtI8uI0xpe3ES6XRrT6Fae5d77Wc9rzZ5uXNbJPnhrjBpAQAARADACoiAA2ZHUgAIAACCAAAghrg5SjGPvSajHm3kiwsRudPo+HpjCEIR92EVFeB2RGo09asaiIh6FVAQHnO6EfenGPOSRNpMxHLGs0thY8b6+SmpPyRO+vuwnLSP9oYGI1pwsfc27X+7HZXm8jGctWq3VUjjy0uN1pxE81Wo0x7V0peb/Q1zlmeHNfq7zx4aOyyUm5SblJ8ZNtt82anNMzPmX5CAIAAIgAAKiIBlQAbQxdYCAAAggAAIIANjq7Tt4ursi3N+C3euRsxxu0NuCN5Id1OaSbk0ore23kku1s6npzOmv8A2nKe7C1O1f4sn7OrwllnLwRh3b4hp+LNvkjf19H5uqxGxKd+J9nCMW5RprSyS3vpSzb9BMTzMkxfW7W1H0/txWIxlk29qyxxbeSlZKWS6kc0zMvNte0+ssbJEYIAAGEQAEAAEQAAFREAVABAbMxdQAAIIAACCAACN9qrKEPb4ix5RrhGOfzPPJd/RXmbsWo3MurptV7rzxDd1YSd7VmKWUM86sL1R7JW/FLu4I2xHd5n+HRFJv5vx7f9tol1LgZt7R634rZw6rT32ySfyx3v12fM1ZZ8ac3VW1TXu4s53mgAAGEAEEAAEQAAFREAVAAAQRszF1gCCAAAggAAiKOk1Uwbmtua/wDlXY5Qj8dmSW0+6K4d8mbsVd/Z2dNTcbniPz/Tqje7UBxmuV+eIjDPdXBeDk836KJz5Z8vO6u27xHs0lVFkvchOfywlL6GuIlzRWZ4jbKr0Ni5cKJ+K2frkXst7M4w5J/1ZNerOMfGEYfNYvyzMoxWZx0uSfTTNo1Qn+LdGPaoRcvV5GUYfeW2vRz6y9tKaLwuFw05qLnbLoVzm82pS60uCaWb8C2rWsLkxY8VJnmXImhwAIgAAKiIAqAAAggA2Zi60EAABBAABEUDYR9E0Vh/Z4eqvg1BbXzPfL1bOusaiIevjr20iHjZpJyk4YWHtpJ5Ssb2aq32OX3n3RzJ3b4Yzk3OqRv8D9m2T34m+c/4VbdNfLdvfix2zPMp8KbfPb+PEPfD6Nw9f2dMIvt2U5f1cSxWI4hnXFSvEMsyZoCAgOB1m0orrsoPOqvNQfxP70vTdy7zmyW3P0eV1OXvtqOIaY1uZAAAVEQBUAABBABAbMxdQAAIIAAIigCPfAU7d1UOKlOKfLPf6ZlrG5hnSO60Q7ObliZShFuOEg3GySeTxElxhF9UFwb6+B0/N9noTvJOo+X8/wBNnVXGMVGCUYpZKKWSS7kZt0RERqH6CoCAgCTSTbeSXFvqA5DWPWFTTow76D3WWr7/AO7Hu7+vlx0Xyb8Q8/qOp3+mnHu5g0uFAAAVEQBUAABBABAARszF1gCCAACIoAgAzND1TniIQreUpbS219yLTUpLv2W8u/IypEzPhsxRM3iIfQaKowhGEFsxikopdSR1RGnqxERGo4fsqoCA/NlkYranJRiuMpNJLxCTMR5lpsdrPhoZqDd0+yO6PjP9MzXOWIc9+qpXjzLltKabvv3TezX1VR3L+btNNrzZw5c98nieGsMGhAAAVEQBUAABBABAAQAbMxdaCAACIoAgAAOo1Kw32tz7q4v/AFS/4m7DHMu3pK82/Z1JvdrzvuhCLnZKMIrjKTSRJnSTaKxuZ8NFpLWiMMlVVKbks4zmnXFr4ori15Gu2XXEOXJ1UV4hoMVrDjJ/iezXw1xUfXj6mqclpctupyW9dfZrbrZyec5Sm+2UnJ+bMd7aJmZ5nbzIgCIAACoiAKgAAIIAACCACA2Zi6gABEUAQAAEEd5qxTs4OvtntTfi93pkdWONVep01dY4e2M0g1P2NEfa4hrNxzyhUn96yXVy4ss29I5ZXyantrG7fj7jD6MW0rcRL29y4OS6FfdXDgufEkV9Z8yVxee63mf/AHDktbLtrGTXVCMILy2vrJmnJP6nB1Vt5J+jTmtzAACIAACoiAKgAAIIAACCAAAgjZmLrARFAEAABBAk3uW9vcl2sDvsRbOKrwmGy9rsRTnlmqK0sttrre7cjqmdfpjl6lpmNY6c/iGZgcHXVDYgnvec5t5ysk+MpPrZlERDZSkUjUMgrN8xx1+3dbZ8c5SXJvd6ZHHM7nbxL27rTPuxyMQEQAAFREAVAAAQQAAEEAABBABszF1IoGEAABBAB74CSV1cmnLZkpKK4za3xiubSXiWvLKk6tDv9G4R1wbm9q6x7d0+2XYv3VwXI6qxr7vVx07Y88zyzDJsYGnMT7PC3T4PZcY/NLor1ZjedVlqzW7aTL5wcjxwEQAAFREAVAAAQQAAEEAABBAABG0I6wwgAAIIAAI3eqWE28TttZxpW1/M90fzfgbMUbl09LTuvv2dwdL00Byeu2N+zw6f8Sfqor/c/I05Z9HB1l+Kfu5Q0OBAAAVEQBUAABBAAAQQAAEEAAEQGzZHUAACCAACBgdnqVRlRZZ1zsyXeorJerkdGKPG3o9HXVJn3dCbXWx8fjIU1StsfRity65Pqiu9kmdRthe8Ur3S+bYzEyssnbP3pvN93Yl3JZLwOSZ3O3jXtNrTafV4kYhlAERAFQAAEEAABBAAAQQAAQMCKjZmLrAEEAAEAAB9G0DRsYSiPXsKT5y6T+p10jVYevgr246w/OkdM4elPbmpTX4celLxXV4i14hMmelOZ8uJ0vpWzET2p9GC9ytPdHv733nPa02eblzWyTueGvMGkMoAiIAqAAAggAAIIAACCAACBgARAbMjrQQAAQAQAwjItx+IkspXWNcNn2ksvIy7p92c5LzzMsUxa0AMAKiIAqAAAggAAIIAACCAACBgARABRtGYuoAAQAQAEAAEQAwAqIgCoAACCAAAggAAiAAAIGABEAFR+vZS7GGXbLd6VodeIug92U5Zcnvj6NC0amXZlr23mGIYtYAgAIAAIgBgBURAFQAAEEAABBAABEAAAQMACIAKj9U1SnONcN8pyUYrvbyX1HKxE2mIjmX039gUdnodHZD3v8ejB1u0Y5RWIrWcoLK1Lrj1S8N/hyMMtd+WrqsW4749HHs0PPQAEAAEQAwAqIgCoAACCAAAggAAiAAAIGABEUAQEHW6jaHcp/2uxZQhmqU/vy4OXJb1z5G7HX1ej0ODc/EniOHcm56qA5fTWrGbdmFyTe90vcv5H1cnu5Gm+L1hxZul35p/DlsRRZXLZshKEuyUWs+XaaZiY5cNqzWdTGnkRiAiAGAFREAVAAAQQAAEEAAEQAABAwAIigCP1TVOctmuMpyfCMYuT8kOViJtOojcuq0HqdOTVmM6EOKpT6U/ma4Llv5G2uP3ehg6GZ85PEezt64RjFRilGMUlGKWSSXBJG56kRERqH6CoCAxNK/YyMbcMMnyy+c4r32csvHvy8SMAwAqIgGUARMAYQAQAwgYEABAABEAMqAgCj9U+8uYWvL6bq19gjopw93p/kbYzb0BAf/Z",JÃ¢ke Ernser,43,3933 Hirthe Hollow Apt. 296 Brekkeview Estonia,1975-12-05,2018-03-20 18:16:05 UTC,166,767.553.7759 x518,cus_CWslji7zLOfNdD,
